-- phpMyAdmin SQL Dump
-- version 5.2.0
-- https://www.phpmyadmin.net/
--
-- Host: 127.0.0.1
-- Generation Time: Apr 13, 2023 at 10:09 AM
-- Server version: 10.4.27-MariaDB
-- PHP Version: 8.2.0

SET SQL_MODE = "NO_AUTO_VALUE_ON_ZERO";
START TRANSACTION;
SET time_zone = "+00:00";


/*!40101 SET @OLD_CHARACTER_SET_CLIENT=@@CHARACTER_SET_CLIENT */;
/*!40101 SET @OLD_CHARACTER_SET_RESULTS=@@CHARACTER_SET_RESULTS */;
/*!40101 SET @OLD_COLLATION_CONNECTION=@@COLLATION_CONNECTION */;
/*!40101 SET NAMES utf8mb4 */;

--
-- Database: `newmvc-manan_dharsandiya`
--

-- --------------------------------------------------------

--
-- Table structure for table `admin`
--

CREATE TABLE `admin` (
  `admin_id` int(11) NOT NULL,
  `name` varchar(255) NOT NULL,
  `email` varchar(255) NOT NULL,
  `password` varchar(15) NOT NULL,
  `status` tinyint(4) NOT NULL,
  `created_at` datetime NOT NULL,
  `updated_at` datetime DEFAULT NULL
) ENGINE=InnoDB DEFAULT CHARSET=utf8mb4 COLLATE=utf8mb4_general_ci;

--
-- Dumping data for table `admin`
--

INSERT INTO `admin` (`admin_id`, `name`, `email`, `password`, `status`, `created_at`, `updated_at`) VALUES
(1, 'Max', 'max@gmail.com', 'maxwax', 1, '2023-03-29 05:00:14', '2023-04-09 15:00:58'),
(5, 'Wax', 'wax@gmail.com', 'waxmax', 1, '2023-03-30 13:43:55', '2023-04-09 15:02:07');

-- --------------------------------------------------------

--
-- Table structure for table `category`
--

CREATE TABLE `category` (
  `category_id` int(11) NOT NULL,
  `parent_id` int(11) NOT NULL,
  `path` varchar(100) DEFAULT NULL,
  `name` varchar(255) NOT NULL,
  `status` tinyint(4) NOT NULL,
  `description` varchar(255) NOT NULL,
  `created_at` datetime NOT NULL,
  `updated_at` datetime DEFAULT NULL
) ENGINE=InnoDB DEFAULT CHARSET=utf8mb4 COLLATE=utf8mb4_general_ci;

--
-- Dumping data for table `category`
--

INSERT INTO `category` (`category_id`, `parent_id`, `path`, `name`, `status`, `description`, `created_at`, `updated_at`) VALUES
(1, 0, '1', 'Root', 1, '', '2023-04-02 20:35:05', NULL),
(76, 1, '1/76', 'Bedroom', 1, '', '2023-04-03 09:41:41', NULL),
(77, 1, '1/77', 'Living Room', 1, '', '2023-04-03 09:42:01', NULL),
(83, 77, '1/77/83', 'Chairs', 1, '', '2023-04-03 13:24:03', '0000-00-00 00:00:00'),
(86, 76, '1/76/86', 'Beds', 1, '', '2023-04-03 13:32:36', '2023-04-03 14:23:51'),
(87, 86, '1/76/86/87', 'Pannel Beds', 1, '', '2023-04-03 13:32:46', '0000-00-00 00:00:00');

-- --------------------------------------------------------

--
-- Table structure for table `customer`
--

CREATE TABLE `customer` (
  `customer_id` int(11) NOT NULL,
  `first_name` varchar(255) NOT NULL,
  `last_name` varchar(255) NOT NULL,
  `email` varchar(255) NOT NULL,
  `gender` enum('1','2') NOT NULL,
  `mobile` int(10) NOT NULL,
  `status` enum('1','2') NOT NULL,
  `created_at` datetime NOT NULL,
  `updated_at` datetime DEFAULT NULL
) ENGINE=InnoDB DEFAULT CHARSET=utf8mb4 COLLATE=utf8mb4_general_ci;

--
-- Dumping data for table `customer`
--

INSERT INTO `customer` (`customer_id`, `first_name`, `last_name`, `email`, `gender`, `mobile`, `status`, `created_at`, `updated_at`) VALUES
(129, 'Max', 'Wax', 'maxwax@gmail.com', '1', 987654321, '1', '2023-04-09 16:09:12', '2023-04-09 16:09:18');

-- --------------------------------------------------------

--
-- Table structure for table `customer_address`
--

CREATE TABLE `customer_address` (
  `address_id` int(11) NOT NULL,
  `customer_id` int(11) NOT NULL,
  `address` varchar(255) NOT NULL,
  `city` varchar(50) NOT NULL,
  `state` varchar(50) NOT NULL,
  `country` varchar(50) NOT NULL,
  `zip` int(8) NOT NULL
) ENGINE=InnoDB DEFAULT CHARSET=utf8mb4 COLLATE=utf8mb4_general_ci;

--
-- Dumping data for table `customer_address`
--

INSERT INTO `customer_address` (`address_id`, `customer_id`, `address`, `city`, `state`, `country`, `zip`) VALUES
(10, 129, '', '', '', 'India', 1);

-- --------------------------------------------------------

--
-- Table structure for table `eav_attribute`
--

CREATE TABLE `eav_attribute` (
  `attribute_id` int(11) NOT NULL,
  `entity_type_id` int(11) NOT NULL,
  `code` varchar(50) NOT NULL,
  `backend_type` varchar(50) DEFAULT NULL,
  `name` varchar(255) NOT NULL,
  `status` tinyint(4) NOT NULL,
  `backend_model` varchar(255) NOT NULL,
  `input_type` varchar(255) NOT NULL
) ENGINE=InnoDB DEFAULT CHARSET=utf8mb4 COLLATE=utf8mb4_general_ci;

--
-- Dumping data for table `eav_attribute`
--

INSERT INTO `eav_attribute` (`attribute_id`, `entity_type_id`, `code`, `backend_type`, `name`, `status`, `backend_model`, `input_type`) VALUES
(1, 1, 'color', 'int', 'Color', 1, '', 'select'),
(4, 1, 'short_desc', 'int', 'Short Description', 1, '', 'select');

-- --------------------------------------------------------

--
-- Table structure for table `eav_attribute_option`
--

CREATE TABLE `eav_attribute_option` (
  `option_id` int(11) NOT NULL,
  `name` varchar(255) NOT NULL,
  `attribute_id` int(11) NOT NULL,
  `position` int(11) NOT NULL
) ENGINE=InnoDB DEFAULT CHARSET=utf8mb4 COLLATE=utf8mb4_general_ci;

--
-- Dumping data for table `eav_attribute_option`
--

INSERT INTO `eav_attribute_option` (`option_id`, `name`, `attribute_id`, `position`) VALUES
(1, 'Red', 1, 1),
(2, 'White', 1, 1),
(3, 'Blue', 1, 1),
(15, 'Yellow', 1, 0);

-- --------------------------------------------------------

--
-- Table structure for table `entity_type`
--

CREATE TABLE `entity_type` (
  `entity_type_id` int(11) NOT NULL,
  `name` varchar(255) NOT NULL,
  `entity_model` varchar(255) NOT NULL
) ENGINE=InnoDB DEFAULT CHARSET=utf8mb4 COLLATE=utf8mb4_general_ci;

--
-- Dumping data for table `entity_type`
--

INSERT INTO `entity_type` (`entity_type_id`, `name`, `entity_model`) VALUES
(1, 'product', ''),
(2, 'category', '');

-- --------------------------------------------------------

--
-- Table structure for table `payment_method`
--

CREATE TABLE `payment_method` (
  `payment_method_id` int(11) NOT NULL,
  `name` varchar(255) NOT NULL,
  `status` enum('1','2') NOT NULL,
  `created_at` datetime DEFAULT NULL,
  `updated_at` datetime DEFAULT NULL
) ENGINE=InnoDB DEFAULT CHARSET=utf8mb4 COLLATE=utf8mb4_general_ci;

--
-- Dumping data for table `payment_method`
--

INSERT INTO `payment_method` (`payment_method_id`, `name`, `status`, `created_at`, `updated_at`) VALUES
(5, 'Max', '1', '2023-02-09 11:20:59', '2023-04-01 15:08:10');

-- --------------------------------------------------------

--
-- Table structure for table `product`
--

CREATE TABLE `product` (
  `product_id` int(11) NOT NULL,
  `name` varchar(255) NOT NULL,
  `sku` varchar(50) NOT NULL,
  `cost` decimal(10,2) NOT NULL,
  `price` decimal(10,2) NOT NULL,
  `quantity` int(5) DEFAULT 100,
  `status` tinyint(4) NOT NULL,
  `created_at` datetime NOT NULL,
  `updated_at` datetime NOT NULL
) ENGINE=InnoDB DEFAULT CHARSET=utf8mb4 COLLATE=utf8mb4_general_ci;

--
-- Dumping data for table `product`
--

INSERT INTO `product` (`product_id`, `name`, `sku`, `cost`, `price`, `quantity`, `status`, `created_at`, `updated_at`) VALUES
(247, 'nokia 900', '900', '900.00', '900.00', 100, 2, '2023-04-01 13:21:19', '2023-04-06 11:07:40'),
(248, 'nokia 1200', '1200', '1200.00', '1200.00', 10, 1, '2023-04-01 13:21:35', '2023-04-01 13:22:15'),
(249, 'nokia 1300', '1300', '1300.00', '1300.00', 10, 1, '2023-04-01 13:21:47', '2023-04-01 13:22:12'),
(250, 'nokia 1400', '1400', '1400.00', '1400.00', 10, 1, '2023-04-01 13:22:03', '2023-04-05 14:39:58');

-- --------------------------------------------------------

--
-- Table structure for table `product_int`
--

CREATE TABLE `product_int` (
  `value_id` int(11) NOT NULL,
  `entity_id` int(11) NOT NULL,
  `attribute_id` int(11) NOT NULL,
  `value` int(11) NOT NULL
) ENGINE=InnoDB DEFAULT CHARSET=utf8mb4 COLLATE=utf8mb4_general_ci;

-- --------------------------------------------------------

--
-- Table structure for table `product_media`
--

CREATE TABLE `product_media` (
  `media_id` int(11) NOT NULL,
  `product_id` int(11) NOT NULL,
  `name` varchar(255) NOT NULL,
  `status` tinyint(4) NOT NULL,
  `base` int(11) NOT NULL,
  `small` int(11) NOT NULL,
  `thumbnail` int(11) NOT NULL,
  `gallery` int(11) NOT NULL,
  `created_at` datetime DEFAULT NULL
) ENGINE=InnoDB DEFAULT CHARSET=utf8mb4 COLLATE=utf8mb4_general_ci;

--
-- Dumping data for table `product_media`
--

INSERT INTO `product_media` (`media_id`, `product_id`, `name`, `status`, `base`, `small`, `thumbnail`, `gallery`, `created_at`) VALUES
(3, 247, 'dog1', 1, 0, 0, 1, 1, '2023-04-01 13:24:55'),
(4, 247, 'dog2', 2, 1, 0, 0, 0, '2023-04-01 13:25:09'),
(5, 247, 'dog3', 2, 0, 1, 0, 1, '2023-04-01 13:25:19'),
(6, 250, 'dog4', 1, 0, 0, 0, 0, '2023-04-01 13:25:34'),
(7, 250, 'dog5', 1, 0, 0, 0, 0, '2023-04-01 13:25:49'),
(8, 250, 'dog6', 1, 0, 0, 0, 0, '2023-04-01 13:26:00'),
(9, 249, 'dog7', 1, 0, 0, 0, 0, '2023-04-01 13:26:14'),
(251, 247, '7470(1)', 1, 0, 0, 0, 0, '2023-04-13 10:33:11');

-- --------------------------------------------------------

--
-- Table structure for table `salesman`
--

CREATE TABLE `salesman` (
  `salesman_id` int(11) NOT NULL,
  `first_name` varchar(255) NOT NULL,
  `last_name` varchar(255) NOT NULL,
  `email` varchar(255) NOT NULL,
  `gender` tinyint(4) NOT NULL,
  `mobile` int(10) NOT NULL,
  `status` tinyint(4) NOT NULL,
  `company` varchar(255) NOT NULL,
  `created_at` datetime NOT NULL,
  `updated_at` datetime DEFAULT NULL
) ENGINE=InnoDB DEFAULT CHARSET=utf8mb4 COLLATE=utf8mb4_general_ci;

--
-- Dumping data for table `salesman`
--

INSERT INTO `salesman` (`salesman_id`, `first_name`, `last_name`, `email`, `gender`, `mobile`, `status`, `company`, `created_at`, `updated_at`) VALUES
(16, 'Max', 'Wax', 'maxwax@gmail.com', 1, 0, 2, 'cybercom', '0000-00-00 00:00:00', '2023-04-06 11:31:34');

-- --------------------------------------------------------

--
-- Table structure for table `salesman_address`
--

CREATE TABLE `salesman_address` (
  `address_id` int(11) NOT NULL,
  `salesman_id` int(11) NOT NULL,
  `address` varchar(255) NOT NULL,
  `city` varchar(50) NOT NULL,
  `state` varchar(50) NOT NULL,
  `country` varchar(50) NOT NULL,
  `zip` int(8) NOT NULL
) ENGINE=InnoDB DEFAULT CHARSET=utf8mb4 COLLATE=utf8mb4_general_ci;

--
-- Dumping data for table `salesman_address`
--

INSERT INTO `salesman_address` (`address_id`, `salesman_id`, `address`, `city`, `state`, `country`, `zip`) VALUES
(1, 16, '', 'Rajkot', '', 'India', 1);

-- --------------------------------------------------------

--
-- Table structure for table `salesman_price`
--

CREATE TABLE `salesman_price` (
  `entity_id` int(11) NOT NULL,
  `salesman_id` int(11) NOT NULL,
  `product_id` int(11) NOT NULL,
  `salesman_price` decimal(11,0) DEFAULT NULL
) ENGINE=InnoDB DEFAULT CHARSET=utf8mb4 COLLATE=utf8mb4_general_ci;

--
-- Dumping data for table `salesman_price`
--

INSERT INTO `salesman_price` (`entity_id`, `salesman_id`, `product_id`, `salesman_price`) VALUES
(45, 16, 247, '900'),
(46, 16, 248, '1200'),
(55, 16, 250, '1400');

-- --------------------------------------------------------

--
-- Table structure for table `shipping_method`
--

CREATE TABLE `shipping_method` (
  `shipping_method_id` int(11) NOT NULL,
  `name` varchar(255) NOT NULL,
  `amount` decimal(10,2) NOT NULL,
  `status` tinyint(4) NOT NULL,
  `created_at` datetime NOT NULL,
  `updated_at` datetime DEFAULT NULL
) ENGINE=InnoDB DEFAULT CHARSET=utf8mb4 COLLATE=utf8mb4_general_ci;

--
-- Dumping data for table `shipping_method`
--

INSERT INTO `shipping_method` (`shipping_method_id`, `name`, `amount`, `status`, `created_at`, `updated_at`) VALUES
(63, 'Max', '10000.00', 1, '2023-04-01 22:18:55', '2023-04-06 11:08:27');

-- --------------------------------------------------------

--
-- Table structure for table `vendor`
--

CREATE TABLE `vendor` (
  `vendor_id` int(11) NOT NULL,
  `first_name` varchar(255) NOT NULL,
  `last_name` varchar(255) NOT NULL,
  `email` varchar(255) NOT NULL,
  `gender` tinyint(4) NOT NULL,
  `mobile` int(10) NOT NULL,
  `status` tinyint(4) NOT NULL,
  `company` varchar(255) NOT NULL,
  `created_at` datetime NOT NULL,
  `updated_at` datetime DEFAULT NULL
) ENGINE=InnoDB DEFAULT CHARSET=utf8mb4 COLLATE=utf8mb4_general_ci;

--
-- Dumping data for table `vendor`
--

INSERT INTO `vendor` (`vendor_id`, `first_name`, `last_name`, `email`, `gender`, `mobile`, `status`, `company`, `created_at`, `updated_at`) VALUES
(41, 'Max', 'Wax', 'maxwax@gmail.com', 1, 0, 1, '', '2023-04-09 21:19:21', '2023-04-09 21:21:31');

-- --------------------------------------------------------

--
-- Table structure for table `vendor_address`
--

CREATE TABLE `vendor_address` (
  `address_id` int(11) NOT NULL,
  `vendor_id` int(11) NOT NULL,
  `address` varchar(255) NOT NULL,
  `city` varchar(50) NOT NULL,
  `state` varchar(50) NOT NULL,
  `country` varchar(50) NOT NULL,
  `zip` int(8) NOT NULL
) ENGINE=InnoDB DEFAULT CHARSET=utf8mb4 COLLATE=utf8mb4_general_ci;

--
-- Dumping data for table `vendor_address`
--

INSERT INTO `vendor_address` (`address_id`, `vendor_id`, `address`, `city`, `state`, `country`, `zip`) VALUES
(24, 41, '', '', '', '', 1);

--
-- Indexes for dumped tables
--

--
-- Indexes for table `admin`
--
ALTER TABLE `admin`
  ADD PRIMARY KEY (`admin_id`);

--
-- Indexes for table `category`
--
ALTER TABLE `category`
  ADD PRIMARY KEY (`category_id`),
  ADD KEY `parent_id` (`parent_id`);

--
-- Indexes for table `customer`
--
ALTER TABLE `customer`
  ADD PRIMARY KEY (`customer_id`);

--
-- Indexes for table `customer_address`
--
ALTER TABLE `customer_address`
  ADD PRIMARY KEY (`address_id`),
  ADD KEY `customer_id` (`customer_id`);

--
-- Indexes for table `eav_attribute`
--
ALTER TABLE `eav_attribute`
  ADD PRIMARY KEY (`attribute_id`),
  ADD KEY `entity_type_id` (`entity_type_id`);

--
-- Indexes for table `eav_attribute_option`
--
ALTER TABLE `eav_attribute_option`
  ADD PRIMARY KEY (`option_id`),
  ADD KEY `attribute_id` (`attribute_id`);

--
-- Indexes for table `entity_type`
--
ALTER TABLE `entity_type`
  ADD PRIMARY KEY (`entity_type_id`);

--
-- Indexes for table `payment_method`
--
ALTER TABLE `payment_method`
  ADD PRIMARY KEY (`payment_method_id`);

--
-- Indexes for table `product`
--
ALTER TABLE `product`
  ADD PRIMARY KEY (`product_id`);

--
-- Indexes for table `product_int`
--
ALTER TABLE `product_int`
  ADD PRIMARY KEY (`value_id`),
  ADD UNIQUE KEY `entity_id_2` (`entity_id`,`attribute_id`),
  ADD KEY `entity_id` (`entity_id`),
  ADD KEY `attribute_id` (`attribute_id`);

--
-- Indexes for table `product_media`
--
ALTER TABLE `product_media`
  ADD PRIMARY KEY (`media_id`),
  ADD KEY `product_id` (`product_id`);

--
-- Indexes for table `salesman`
--
ALTER TABLE `salesman`
  ADD PRIMARY KEY (`salesman_id`);

--
-- Indexes for table `salesman_address`
--
ALTER TABLE `salesman_address`
  ADD PRIMARY KEY (`address_id`),
  ADD KEY `salesman_id` (`salesman_id`);

--
-- Indexes for table `salesman_price`
--
ALTER TABLE `salesman_price`
  ADD PRIMARY KEY (`entity_id`),
  ADD KEY `product_id` (`product_id`),
  ADD KEY `salesman_id` (`salesman_id`);

--
-- Indexes for table `shipping_method`
--
ALTER TABLE `shipping_method`
  ADD PRIMARY KEY (`shipping_method_id`);

--
-- Indexes for table `vendor`
--
ALTER TABLE `vendor`
  ADD PRIMARY KEY (`vendor_id`);

--
-- Indexes for table `vendor_address`
--
ALTER TABLE `vendor_address`
  ADD PRIMARY KEY (`address_id`),
  ADD KEY `vendor_id` (`vendor_id`);

--
-- AUTO_INCREMENT for dumped tables
--

--
-- AUTO_INCREMENT for table `admin`
--
ALTER TABLE `admin`
  MODIFY `admin_id` int(11) NOT NULL AUTO_INCREMENT, AUTO_INCREMENT=18;

--
-- AUTO_INCREMENT for table `category`
--
ALTER TABLE `category`
  MODIFY `category_id` int(11) NOT NULL AUTO_INCREMENT, AUTO_INCREMENT=89;

--
-- AUTO_INCREMENT for table `customer`
--
ALTER TABLE `customer`
  MODIFY `customer_id` int(11) NOT NULL AUTO_INCREMENT, AUTO_INCREMENT=131;

--
-- AUTO_INCREMENT for table `customer_address`
--
ALTER TABLE `customer_address`
  MODIFY `address_id` int(11) NOT NULL AUTO_INCREMENT, AUTO_INCREMENT=12;

--
-- AUTO_INCREMENT for table `eav_attribute`
--
ALTER TABLE `eav_attribute`
  MODIFY `attribute_id` int(11) NOT NULL AUTO_INCREMENT, AUTO_INCREMENT=59;

--
-- AUTO_INCREMENT for table `eav_attribute_option`
--
ALTER TABLE `eav_attribute_option`
  MODIFY `option_id` int(11) NOT NULL AUTO_INCREMENT, AUTO_INCREMENT=60;

--
-- AUTO_INCREMENT for table `entity_type`
--
ALTER TABLE `entity_type`
  MODIFY `entity_type_id` int(11) NOT NULL AUTO_INCREMENT, AUTO_INCREMENT=3;

--
-- AUTO_INCREMENT for table `payment_method`
--
ALTER TABLE `payment_method`
  MODIFY `payment_method_id` int(11) NOT NULL AUTO_INCREMENT, AUTO_INCREMENT=31;

--
-- AUTO_INCREMENT for table `product`
--
ALTER TABLE `product`
  MODIFY `product_id` int(11) NOT NULL AUTO_INCREMENT, AUTO_INCREMENT=286;

--
-- AUTO_INCREMENT for table `product_int`
--
ALTER TABLE `product_int`
  MODIFY `value_id` int(11) NOT NULL AUTO_INCREMENT;

--
-- AUTO_INCREMENT for table `product_media`
--
ALTER TABLE `product_media`
  MODIFY `media_id` int(11) NOT NULL AUTO_INCREMENT, AUTO_INCREMENT=252;

--
-- AUTO_INCREMENT for table `salesman`
--
ALTER TABLE `salesman`
  MODIFY `salesman_id` int(11) NOT NULL AUTO_INCREMENT, AUTO_INCREMENT=60;

--
-- AUTO_INCREMENT for table `salesman_address`
--
ALTER TABLE `salesman_address`
  MODIFY `address_id` int(11) NOT NULL AUTO_INCREMENT, AUTO_INCREMENT=31;

--
-- AUTO_INCREMENT for table `salesman_price`
--
ALTER TABLE `salesman_price`
  MODIFY `entity_id` int(11) NOT NULL AUTO_INCREMENT, AUTO_INCREMENT=64;

--
-- AUTO_INCREMENT for table `shipping_method`
--
ALTER TABLE `shipping_method`
  MODIFY `shipping_method_id` int(11) NOT NULL AUTO_INCREMENT, AUTO_INCREMENT=67;

--
-- AUTO_INCREMENT for table `vendor`
--
ALTER TABLE `vendor`
  MODIFY `vendor_id` int(11) NOT NULL AUTO_INCREMENT, AUTO_INCREMENT=42;

--
-- AUTO_INCREMENT for table `vendor_address`
--
ALTER TABLE `vendor_address`
  MODIFY `address_id` int(11) NOT NULL AUTO_INCREMENT, AUTO_INCREMENT=25;

--
-- Constraints for dumped tables
--

--
-- Constraints for table `customer_address`
--
ALTER TABLE `customer_address`
  ADD CONSTRAINT `customer_address_ibfk_1` FOREIGN KEY (`customer_id`) REFERENCES `customer` (`customer_id`) ON DELETE CASCADE ON UPDATE CASCADE;

--
-- Constraints for table `eav_attribute`
--
ALTER TABLE `eav_attribute`
  ADD CONSTRAINT `eav_attribute_ibfk_1` FOREIGN KEY (`entity_type_id`) REFERENCES `entity_type` (`entity_type_id`) ON DELETE CASCADE ON UPDATE CASCADE;

--
-- Constraints for table `eav_attribute_option`
--
ALTER TABLE `eav_attribute_option`
  ADD CONSTRAINT `eav_attribute_option_ibfk_1` FOREIGN KEY (`attribute_id`) REFERENCES `eav_attribute` (`attribute_id`) ON DELETE CASCADE ON UPDATE CASCADE;

--
-- Constraints for table `product_int`
--
ALTER TABLE `product_int`
  ADD CONSTRAINT `product_int_ibfk_1` FOREIGN KEY (`attribute_id`) REFERENCES `eav_attribute` (`attribute_id`) ON DELETE CASCADE ON UPDATE CASCADE,
  ADD CONSTRAINT `product_int_ibfk_2` FOREIGN KEY (`entity_id`) REFERENCES `product` (`product_id`) ON DELETE CASCADE ON UPDATE CASCADE;

--
-- Constraints for table `product_media`
--
ALTER TABLE `product_media`
  ADD CONSTRAINT `product_media_ibfk_1` FOREIGN KEY (`product_id`) REFERENCES `product` (`product_id`) ON DELETE CASCADE ON UPDATE CASCADE;

--
-- Constraints for table `salesman_address`
--
ALTER TABLE `salesman_address`
  ADD CONSTRAINT `salesman_address_ibfk_1` FOREIGN KEY (`salesman_id`) REFERENCES `salesman` (`salesman_id`) ON DELETE CASCADE ON UPDATE CASCADE;

--
-- Constraints for table `salesman_price`
--
ALTER TABLE `salesman_price`
  ADD CONSTRAINT `salesman_price_ibfk_1` FOREIGN KEY (`product_id`) REFERENCES `product` (`product_id`) ON DELETE CASCADE ON UPDATE CASCADE,
  ADD CONSTRAINT `salesman_price_ibfk_2` FOREIGN KEY (`salesman_id`) REFERENCES `salesman` (`salesman_id`) ON DELETE CASCADE ON UPDATE CASCADE;

--
-- Constraints for table `vendor_address`
--
ALTER TABLE `vendor_address`
  ADD CONSTRAINT `vendor_address_ibfk_1` FOREIGN KEY (`vendor_id`) REFERENCES `vendor` (`vendor_id`) ON DELETE CASCADE ON UPDATE CASCADE;
COMMIT;

/*!40101 SET CHARACTER_SET_CLIENT=@OLD_CHARACTER_SET_CLIENT */;
/*!40101 SET CHARACTER_SET_RESULTS=@OLD_CHARACTER_SET_RESULTS */;
/*!40101 SET COLLATION_CONNECTION=@OLD_COLLATION_CONNECTION */;
